<keymap version="1" name="Mac OS X 10.5+ Xingyu Lin" parent="Mac OS X 10.5+">
  <action id="Database.OpenDbStorageAction">
    <keyboard-shortcut first-keystroke="f4" />
  </action>
  <action id="DecrementWindowHeight" />
  <action id="EditSource">
    <keyboard-shortcut first-keystroke="f4" />
  </action>
  <action id="EditorMoveToPageBottom" />
  <action id="EditorMoveToPageBottomWithSelection" />
  <action id="EditorMoveToPageTop" />
  <action id="EditorMoveToPageTopWithSelection" />
  <action id="EditorTextEnd">
    <keyboard-shortcut first-keystroke="meta down" />
  </action>
  <action id="EditorTextEndWithSelection">
    <keyboard-shortcut first-keystroke="shift meta down" />
  </action>
  <action id="EditorTextStart">
    <keyboard-shortcut first-keystroke="meta up" />
  </action>
  <action id="EditorTextStartWithSelection">
    <keyboard-shortcut first-keystroke="shift meta up" />
  </action>
  <action id="IncrementWindowHeight" />
  <action id="IpnbMoveCellDownAction" />
  <action id="IpnbMoveCellUpAction" />
  <action id="MoveEditorToOppositeTabGroup">
    <keyboard-shortcut first-keystroke="ctrl meta right" />
  </action>
  <action id="MoveStatementDown" />
  <action id="MoveStatementUp" />
  <action id="NextEditorTab" />
  <action id="NextSplitter">
    <keyboard-shortcut first-keystroke="shift ctrl right" />
  </action>
  <action id="OpenEditorInOppositeTabGroup">
    <keyboard-shortcut first-keystroke="ctrl meta left" />
  </action>
  <action id="PrevSplitter">
    <keyboard-shortcut first-keystroke="shift ctrl left" />
  </action>
  <action id="PreviousEditorTab" />
  <action id="PublishGroup.Download">
    <keyboard-shortcut first-keystroke="ctrl y" />
  </action>
  <action id="PublishGroup.Upload">
    <keyboard-shortcut first-keystroke="ctrl u" />
  </action>
  <action id="ResetColumnsWidth" />
  <action id="ResizeToolWindowDown" />
  <action id="ResizeToolWindowUp" />
  <action id="ShowNavBar">
    <keyboard-shortcut first-keystroke="alt home" />
  </action>
  <action id="XDebugger.JumpToSource">
    <keyboard-shortcut first-keystroke="f4" />
  </action>
</keymap>